Asx D/L,Glx D/L,Ser D/L,Arg D/L,Ala D/L,Tyr D/L,Val D/L,Phe D/L,Leu D/L,Ile D/L,[Ser]/[Ala],Total,,Bleached,Type
0.772924189,0.639542375,1.064142092,1.174990756,0.757067459,0,0.592801455,0.72686489,0.719788934,0.795242336,0.291992053,902.8424653,FAS 139 A,b,F
0.763307539,0.609697644,1.003107832,1.004805727,0.759344081,0,0.605870154,0.634080987,0.700588435,0.720240533,0.286070687,867.5966021,FAS 139 A,b,F
0.941818692,0.886567069,0.701236854,1.575394766,0.933869225,0.911198138,0.723187527,0.873017073,0.871748903,0.891927162,0.024945984,2949.810984,FAN 132 B,b,F
0.941313027,0.884843004,0.703528074,1.426968926,0.93336051,0.858134462,0.712046177,0.817793106,0.950673786,0.904086593,0.025756237,2874.677039,FAN 132 B,b,F
0.720180079,0.463937417,1.020912913,0.849459724,0.664050709,0,0.662852845,0.642085966,0.709630626,0.811375084,0.590022928,854.5797539,FAN 129 B,b,F
0.722109793,0.466236929,1.023677733,0.836246578,0.664301728,0,0.628061395,0.626042463,0.713575715,0.799085579,0.580916738,809.60933,FAN 129 B,b,F
0.688799381,0.427058148,1.01654622,0.861819845,0.621306036,0.317106745,0.526787406,0.577886226,0.60772743,0.643029022,0.570127867,836.9195794,FAS 074 B,b,F
0.6860896,0.427725511,1.009842429,0.804225901,0.61867092,0.235418675,0.511238418,0.546239606,0.594975379,0.62654248,0.568726412,813.4084383,FAS 74 B,b,F
0.747522301,0.374005601,1.051712893,0.733042503,0.590752004,0,0.452779106,0.590648068,0.584839675,0.55850031,0.509208789,1718.394952,FAN 152 A,b,F
0.743759964,0.373633037,1.044472229,0.709523504,0.588849591,0,0.446415673,0.586488219,0.578401123,0.5418146,0.507513622,1664.892917,FAN 152 A,b,F
0.694138609,0.560919932,1.006793057,1.020232856,0.707927611,0,0.619002447,0.647670246,0.752201505,0.822217967,0.380745429,776.9707714,FAN 163 A,b,F
0.696863889,0.560025135,0.998532048,0.898448221,0.708494597,0,0.597408868,0.712287153,0.753056547,0.827376135,0.378200805,752.4936374,FAN 163 A,b,F
0.687251676,0.511016398,0.993355917,0.894811999,0.702307601,0,0.655058237,0.641316186,0.738054046,0.852468859,0.474523575,712.2542517,FAS 142 A,b,F
0.688395582,0.510717559,0.998913053,0.822781142,0.698137233,0,0.644438648,0.648261553,0.732738285,0.831377608,0.471806629,693.6774539,FAS 142 A,b,F
0.682873396,0.485494158,1.023198547,0.824613854,0.660620119,0,0.606885725,0.648915434,0.716851832,0.81175768,0.526209248,976.1555437,FAS 124 B,b,F
0.681431024,0.483956583,1.013754488,0.784349115,0.658178238,0,0.610585743,0.628936204,0.713678119,0.795068979,0.525344883,962.3472646,FAS 124 B,b,F
0.737266116,0.426427689,1.004687567,1.020198576,0.61631179,0.341650998,0.480830265,0.602116988,0.606980213,0.716858752,0.42575759,951.859764,FAS 091 A,b,F
0.735902253,0.425237634,0.999978117,0.869393129,0.616330412,0.255823074,0.478860147,0.578543564,0.605312692,0.709502541,0.420070965,916.9595498,FAS 091 A,b,F
0.739262363,0.465994346,1.006489936,0.762141898,0.649594461,0.474936818,0.50054907,0.632170302,0.65383231,0.726295871,0.504658644,1044.657839,FAS 122 A,b,F
0.7369455,0.464436102,1.004177452,0.769458554,0.651816424,0.447793114,0.503544699,0.613140728,0.655331859,0.668160637,0.493917958,1001.292938,FAS 122 A,b,F
0.740038282,0.898739371,0.873051229,0.838430285,0.846252833,0,0.887677084,0.787867156,0.923986212,1.037553783,0.11499694,1249.833797,FAS 174 A,b,F
0.741247853,0.904291138,0.884670557,0.80529798,0.845634527,0,0.889719924,0.768298458,0.929229029,1.026701168,0.113647656,1204.481336,FAS 174 A,b,F
0.698497932,0.508899357,1.020239655,0.867429536,0.683655297,0,0.553017248,0.628294452,0.709732164,0.72925499,0.446943619,819.913868,FAN 156 A,b,F
0.697227778,0.509294979,1.01181042,0.829448393,0.682007513,0,0.55486913,0.690671637,0.706120675,0.719087885,0.446200782,797.4102732,FAN 156 A,b,F
0.690739147,0.322745053,0.972695915,0.95770591,0.508638567,0,0.250604011,0.415642131,0.415076432,0.299777248,0.517870357,932.0795524,FAN 131 D,b,F
0.692227664,0.321985326,0.972229318,1.118245154,0.515472799,0,0.276512386,0.440195377,0.402999505,0.31786254,0.512637567,896.8959605,FAN 131 D,b,F
0.729769063,0.458385356,1.012355057,0.821406191,0.667687252,0.214591611,0.518689045,0.537957853,0.671555403,0.609506859,0.447942333,802.2614109,FAN 174 A,b,F
0.731731054,0.458509026,1.011746764,0.846898093,0.6701663,0.403587261,0.520199975,0.647723942,0.638687942,0.682587904,0.454804617,747.8718389,FAN 174 A,b,F
0.70904926,0.555911351,1.001214685,0.896227749,0.680428566,0,0.572405903,0.640966363,0.731642813,0.847881827,0.471292004,810.196751,FAN 124 B,b,F
0.709469753,0.554461838,1.002227533,0.906956804,0.686094953,0,0.567419278,0.709059105,0.701613814,0.833394203,0.475610313,794.7125186,FAN 124 B,b,F
0.727289494,0.572824034,1.014034637,0.844645614,0.721304059,0,0.665552822,0.650464337,0.775927446,0.920609932,0.428895594,778.2864593,FAN 123 A,b,F
0.720458897,0.571373626,1.011933868,0.857235568,0.722797171,0,0.68623096,0.721678535,0.73817869,0.887180426,0.431530771,760.9629179,FAN 123 A,b,F
0.667450956,0.471866262,1.00200256,0.859453986,0.686593508,0,0.655424547,0.646939037,0.747234506,0.849351241,0.479598459,666.8430124,FAN 162 B,b,F
0.66394842,0.468722325,0.992009464,0.872331847,0.685120282,0,0.633329037,0.634756801,0.696618547,0.901184932,0.48062526,656.7111525,FAN 162 B,b,F
0.725710567,0.600913964,0.972239842,0.915097521,0.740911739,0.298321084,0.628779356,0.77715641,0.80301809,1.002063854,0.400511738,829.9103781,FAN 127 D,b,F
0.727864753,0.611871948,1.006993282,0.912071202,0.735631628,0,0.636085599,0.775967519,0.768923302,0.993522477,0.400427589,842.7523924,FAN 127 D,b,F
0.718858354,0.416629132,1.009580154,0.947090204,0.631824648,0,0.492084047,0.64326677,0.640242903,0.702387974,0.451324148,1093.288164,FAN 175 C,b,F
0.718396026,0.417557987,1.013681322,0.875354924,0.622649158,0,0.491091932,0.635040847,0.606232941,0.676885988,0.452232077,1091.35031,FAN 175 C,b,F
0.660160455,0.451816935,0.727296546,0.781803897,0.631304513,0,0.580009171,0.625705368,0.697329743,0.769707876,0.572930573,830.7900345,FAN 134 C,b,F
0.678859955,0.464723765,1.010436839,0.755267555,0.644033697,0,0.602328254,0.688709061,0.684994227,0.79211336,0.504832211,787.7545935,FAN 134 C,b,F
0.703054663,0.439515225,0.990866889,0.899906298,0.66088501,0,0.520567774,0.642045695,0.64925733,0.695024701,0.43918468,712.3026607,FAN 148 A,b,F
0.700257642,0.439950756,1.0052303,0.789061162,0.652131681,0,0.50944323,0.600195319,0.612621914,0.670788382,0.439601,687.7238723,FAN 148 A,b,F
0.709476434,0.351996476,1.00996136,0.889176039,0.551474082,0,0.263930425,0.473375273,0.409407336,0.316955342,0.464860323,1051.878163,FAN 144 A,b,F
0.710338434,0.35043263,1.020297987,0.811923441,0.544109906,0,0.263925144,0.462117582,0.395214707,0.308096947,0.468543128,1034.314946,FAN 144 A,b,F
0.711045419,0.48813294,1.010493105,1.085070506,0.677945617,2.749711775,0.468692691,0.610994532,0.610571325,0.595855958,0.363983142,821.2542844,FAS 156d C,b,F
0.711384541,0.487979654,1.004160973,0.943441577,0.671488118,0.233549529,0.450529311,0.572457585,0.589593344,0.552402229,0.358577363,775.8981785,FAS 156d C,b,F
0.739312186,0.390726775,1.031384915,1.013396308,0.612994496,0,0.307339656,0.5386603,0.471508842,0.362063794,0.407816337,1166.855023,FAS 128 A,b,F
0.746293078,0.390295584,1.03607522,0.91235557,0.609562531,0,0.315137115,0.505717718,0.46041714,0.354280011,0.405091701,1131.343236,FAS 128 A,b,F
0.689806877,0.384530631,1.008145007,0.746354467,0.612263587,0.886453486,0.632602772,0.576768556,0.640340643,0.696876104,0.60346736,912.5002398,FAS 83 B,b,F
0.685040816,0.388617139,1.008451947,0.716157385,0.611371323,0.390857244,0.590700898,0.611226958,0.643000225,0.755790026,0.603757113,895.7591739,FAS 83 B,b,F
0.670883376,0.312931057,0.977726585,0.766754636,0.520974952,0,0.322734753,0.471072411,0.509341167,0.334648395,0.305107053,470.5207414,FAS 156b A,b,F
0.676075431,0.298971379,0.955734267,0.733185817,0.519383597,0.533402155,0.309907816,0.489629815,0.498257214,0.356006686,0.313174621,466.0971419,FAS 156b A,b,F
0.700091163,0.489220885,1.007394822,1.06242316,0.709075013,0,0.689570495,0.5340626,0.762302634,0.875038039,0.459693244,592.9774691,FAS 148 A,b,F
0.701941388,0.489148735,1.001886115,1.142637822,0.703913486,0.485914704,0.673653748,0.619530229,0.766570358,0.948939424,0.461242148,580.8478962,FAS 148 A,b,F
0.710518616,0.395488341,0.988652256,0.7784418,0.578294751,0,0.403113908,0.502336009,0.57402942,0.515849085,0.381824395,703.558824,FAS 155 A,b,F
0.71027801,0.395366803,0.990568388,0.677444309,0.568684041,0,0.378154683,0.534851936,0.544786464,0.483880102,0.387509879,684.7900718,FAS 155 A,b,F
0.735522932,0.597688525,0.940801911,1.014773408,0.749016786,0,0.600374613,0.60154646,0.677150743,0.676340191,0.26028201,553.3116687,FAN 172 A,b,F
0.734298212,0.598782167,0.961314147,1.095286505,0.756240795,0,0.608212942,0.600932161,0.68786061,0.69655554,0.260134812,568.3157753,FAN 172 A,b,F
0.35400236,0.28055629,0.442897031,0.521673081,0.358449575,#DIV/0!,0.233998335,0.381687227,0.384551518,0.270984926,0.345759705,3425.231099,FAS 139 A,b,H
0.353932725,0.280411297,0.444084191,0.49753361,0.347595041,#DIV/0!,0.244099472,0.433019802,0.393623584,0.257227159,0.340245051,3386.84085,FAS 139 A,b,H
0.719711315,0.680700391,0.319597012,1.319726857,0.770980327,#DIV/0!,0.431627474,0.774569526,0.647650514,0.510763542,0.041390829,5648.655477,FAN 132 B,b,H
0.71965607,0.680319832,0.348261576,1.261399024,0.698355356,#DIV/0!,0.436318074,0.7665367,0.675299486,0.486482631,0.039113716,5631.048004,FAN 132 B,b,H
0.305026957,0.192201808,0.40892461,0.327284431,0.279120497,#DIV/0!,0.175499851,0.305160705,0.283319012,0.213937734,0.669879704,4525.126795,FAN 129 B,b,H
0.306463854,0.193770092,0.412666597,0.324759985,0.277726905,#DIV/0!,0.1780836,0.304366434,0.282914849,0.219715507,0.625511802,4374.431425,FAN 129 B,b,H
0.283677805,0.183975546,0.417777908,0.309263853,0.290216759,0,0.160912314,0.290851701,0.265962739,0.20575288,0.720455878,3911.608474,FAS 74 B,b,H
0.284174217,1,0.418599525,0.298615549,0.293070436,#DIV/0!,0.159442742,0.289582179,0.272669083,0.205963815,0.682408146,3487.813722,FAS 74 B,b,H
0.36942719,0.208951601,0.487459984,0.402628822,0.303490422,#DIV/0!,0.170243141,0.33017621,0.286109774,0.207558603,0.538981702,6053.313147,FAN 152 A,b,H
0.371174443,0.209102917,0.489984473,0.395253841,0.301420077,#DIV/0!,0.174850833,0.355100884,0.297834584,0.204190687,0.508746131,5843.112549,FAN 152 A,b,H
0.275015767,0.241410717,0.395086242,0.372091661,0.355580611,#DIV/0!,0.208907759,0.383174761,0.394986211,0.301934789,0.534141865,2991.151116,FAN 163 A,b,H
0.275451694,0.240011601,0.382852166,0.347148728,0.360887957,#DIV/0!,0.20908232,0.383477648,0.405589473,0.293161755,0.532033536,2926.386691,FAN 163 A,b,H
0.260936518,0.198727197,0.369789167,0.311505787,0.30884198,#DIV/0!,0.172094233,0.322212267,0.325528131,0.264214951,0.64542945,3228.688994,FAS 142 A,b,H
0.260204051,0.199641816,0.382578356,0.295411942,0.276585912,#DIV/0!,0.173973541,0.308890461,0.36071766,0.259050733,0.544056639,3083.417994,FAS 142 A,b,H
0.263834986,0.182440177,0.380998187,0.324664933,0.297650294,#DIV/0!,0.184029442,0.285407592,0.2721212,0.211743808,0.702188123,2225.180663,FAS 124 B,b,H
0.264209546,0.183993735,0.384540039,0.318233008,0.290806371,#DIV/0!,0.185580181,0.277817905,0.296599391,0.225830529,0.656141677,2178.328645,FAS 124 B,b,H
0.371196076,0.21909919,0.434689649,0.427205937,0.310268029,0,0.188196921,0.348008016,0.31596484,0.222792972,0.477921759,3228.095711,FAS 91 A,b,H
0.369345312,0.219057562,0.436371312,0.395290983,0.276195645,#DIV/0!,0.177433419,0.330488541,0.350628528,0.222694822,0.437436165,3200.580368,FAS 91 A,b,H
0.333170763,0.206857731,0.400587553,0.345367037,0.322596017,0,0.165598494,0.334020556,0.309373502,0.240210542,0.593083565,3889.958088,FAS 122 A,b,H
0.33271776,0.209738892,0.402716772,0.337110893,0.294982428,0,0.164794276,0.335749009,0.316364096,0.235857883,0.581332109,3866.287876,FAS 122 A,b,H
0.349413638,0.347087327,0.35063309,0.38007876,0.452280779,#DIV/0!,0.298345274,0.449915058,0.418248542,0.329500616,0.162795969,3640.934764,FAS 174 A,b,H
0.348580399,0.348010527,0.363162341,0.370754747,0.424589011,#DIV/0!,0.302215438,0.437838336,0.429505046,0.321203304,0.15794151,3630.8228,FAS 174 A,b,H
0.267337031,0.203117365,0.366350613,0.327312421,0.3214512,#DIV/0!,0.186592108,0.336262423,0.34473469,0.251973744,0.66698654,3560.986926,FAN 156 A,b,H
0.266343794,0.205334214,0.366422477,0.320771061,0.308608669,0,0.18864874,0.332069498,0.353279457,0.267784431,0.614399153,3503.932697,FAN 156 A,b,H
0.314765535,0.179114052,0.42144438,0.357669451,0.262566117,#DIV/0!,0.117554652,0.236271297,0.233889218,0.15608938,0.676893653,3293.887759,FAN 131 D,b,H
0.316085475,0.178367951,0.435227506,0.347516394,0.242094312,#DIV/0!,0.116518113,0.235314828,0.255337993,0.164115085,0.585860599,3262.571368,FAN 131 D,b,H
0.370213773,0.217382027,0.492519705,0.412336376,0.362395812,#DIV/0!,0.185651646,0.33522951,0.33849924,0.233490403,0.557372269,3184.152431,FAN 174 A,b,H
0.371859281,0.217980399,0.495034939,0.408995507,0.336087544,#DIV/0!,0.195844955,0.34689537,0.350706076,0.241779456,0.539883453,3185.513522,FAN 174 A,b,H
0.29927406,0.215533408,0.425647432,0.375415324,0.337525129,0.380429975,0.178188954,0.341172069,0.331213013,0.259001286,0.603163692,3230.973486,FAN 124 B,b,H
0.300554195,0.213864596,0.430742733,0.350774772,0.30870242,0.340989453,0.182196176,0.347047694,0.350983635,0.266323793,0.557039764,3173.131846,FAN 124 B,b,H
0.29480016,0.23531562,0.4168843,0.358526803,0.362189276,#DIV/0!,0.198243964,0.36579863,0.354133969,0.27220135,0.591751466,3091.068657,FAN 123 A,b,H
0.295536878,0.234903143,0.429366444,0.348493007,0.347717149,#DIV/0!,0.201033045,0.357800179,0.358402459,0.277047319,0.552701182,2988.288701,FAN 123 A,b,H
0.250985618,0.19128628,0.361738978,0.335606747,0.315795911,#DIV/0!,0.178710602,0.302440137,0.325212273,0.234879773,0.655223313,3366.228068,FAN 162 B,b,H
0.252219962,0.191420584,0.36229614,0.319187433,0.302196794,#DIV/0!,0.17210502,0.309958617,0.337961373,0.243738277,0.633947561,3354.101524,FAN 162 B,b,H
0.296349346,0.252970934,0.431107123,0.374976912,0.37803433,0.320336057,0.228983326,0.412709104,0.41091817,0.335929091,0.557617306,3201.995534,FAN 127 D,b,H
0.297024739,0.252788472,0.431517799,0.354307595,0.364153933,0,0.220887634,0.397840281,0.421873074,0.333693026,0.542096427,3205.263871,FAN 127 D,b,H
0.340321168,0.20237319,0.49120632,0.413252749,0.296685864,0.256565939,0.176178854,0.317050959,0.305866637,0.209943497,0.529981988,4737.879206,FAN 175 C,b,H
0.341113914,0.203188513,0.490546106,0.39843831,0.301654945,0,0.174990378,0.316219285,0.312264013,0.216893709,0.511106588,4564.338325,FAN 175 C,b,H
0.277761722,0.19104097,0.380664949,0.321092673,0.305169959,#DIV/0!,0.190225952,0.349498614,0.306248553,0.248256415,0.641876993,3909.985561,FAN 134 C,b,H
0.278226535,0.190566766,0.378616672,0.311926068,0.296840056,#DIV/0!,0.191958469,0.347836702,0.310278484,0.241767594,0.620204605,3883.552023,FAN 134 C,b,H
0.279524434,0.168634902,0.235713919,0.235352246,0.285043154,0,0.154117275,0.256655403,0.248347777,0.205856981,0.7877334,3686.848787,FAN 148 A,b,H
0.277937491,0.170117193,0.242358226,0.218727709,0.306059555,0,0.155489289,0.259746637,0.269682284,0.214827899,0.802438637,3816.577734,FAN 148 A,b,H
0.325460939,0.197312962,0.406892389,0.332267083,0.29502444,#DIV/0!,0.141867696,0.297753335,0.268628157,0.168058417,0.631103515,3859.722992,FAN 144 A,b,H
0.323454058,0.198490213,0.411603263,0.319867309,0.22993429,0,0.151043207,0.299074101,0.331671535,0.185496551,0.503444723,3751.23036,FAN 144 A,b,H
0.331379014,0.231850028,0.44941148,0.377000587,0.3394418,#DIV/0!,0.190495837,0.350077936,0.383946338,0.246858487,0.473699683,2767.12311,FAS 156d C,b,H
0.368952178,0.224838643,0.454004248,0.516810126,0.35015842,#DIV/0!,0.177188066,0.344593026,0.31817463,0.205716114,0.539762308,3804.049971,FAS 128 A,b,H
0.661290463,0.445292452,1.008722935,0.95913237,0.675783022,0,0.506774272,0.6689226,0.664571802,0.69708549,0.456948722,717.2650686,FAS 151 A,b,F
0.66054541,0.451659162,1.013371139,0.841896988,0.658444985,0,0.497245951,0.635213165,0.631787147,0.663323585,0.467890597,718.0548585,FAS 151 A,b,F
0.630217043,0.430177213,1.022867488,0.86847632,0.696860481,0,0.655500591,0.670472621,0.733456464,0.829936093,0.514838677,745.6012398,FAS 145 A,b,F
0.629726944,0.430778687,1.023637888,0.833629671,0.672017917,0,0.617047627,0.656393896,0.70067731,0.798802493,0.528971778,739.2932156,FAS 145 A,b,F
0.64412549,0.942476682,0.857391812,1.514423017,0.921334681,0.752812219,0.975825895,0.931411578,1.039824984,1.209570042,0.049072887,887.0930418,FAS 182 A,b,F
0.644994868,0.926051244,0.82969667,1.195334697,0.913295931,0.614052394,0.963924899,0.882046467,1.001398294,1.189396004,0.052724903,868.0354677,FAS 182 A,b,F
0.672756621,0.537117286,1.033109863,1.053359671,0.744762064,0,0.682069891,0.772961278,0.787228022,0.927262516,0.424066325,720.7482314,FAS 186 A,b,F
0.674057839,0.539450963,1.035778346,0.956490156,0.733478775,0,0.685775937,0.68626728,0.760600524,0.862367611,0.420512183,700.5964325,FAS 186 A,b,F
0.704693206,0.536856972,1.010695251,0.8781559,0.694365006,0.754207549,0.519914615,0.720730338,0.688832594,0.787193153,0.401595866,819.9398192,FAN 129 A,b,F
0.705196044,0.536354603,1.008836255,0.792822106,0.687520943,0.670315018,0.514800898,0.711834217,0.681801737,0.75802753,0.404798289,806.7051177,FAN 129 A,b,F
0.730576319,0.57941289,0.994604362,1.051970594,0.683861368,0,0.380565162,0.603700398,0.565706852,0.501170595,0.346843547,976.3865887,FAN 162 C,b,F
0.730462436,0.578263538,0.992308251,0.907391465,0.684866131,0,0.375384978,0.579542223,0.575395339,0.504936394,0.338556758,936.8477832,FAN 162 C,b,F
0.646859425,0.475629658,1.005403575,0.964411261,0.685308937,0,0.619678593,0.694953138,0.71825907,0.827868726,0.45843047,644.7489439,FAN 163a B,b,F
0.645920446,0.478952291,1.005916934,0.862165863,0.685560629,0,0.610152062,0.640155907,0.737841077,0.811178273,0.451283636,629.6999459,FAN 163a B,b,F
0.698030349,0.505785493,1.037691649,1.211479081,0.712673668,0,0.447262761,0.704746274,0.639711384,0.602717222,0.340413084,966.2224549,FAS 189 A,b,F
0.697818904,0.504576077,1.036250671,0.940855617,0.707904215,0,0.442611019,0.675105821,0.641218381,0.58486595,0.340143054,950.2339792,FAS 189 A,b,F
0.700785936,0.472215837,0.998600815,0.914552108,0.642576305,0.346272052,0.322943212,0.638910943,0.572230652,0.544316561,0.434376626,1170.487897,FAS 195 B,b,F
0.703031681,0.470722677,0.997892314,0.842137097,0.640021317,0.293803561,0.321130325,0.60521646,0.58396128,0.53291556,0.435271505,1135.253682,FAS 195 B,b,F
0.673815559,0.426896328,0.986981518,1.105134725,0.65702418,0.465911462,0.387311999,0.601209671,0.571460928,0.488260127,0.307654464,649.1190841,FAS 203 B,b,F
0.71050577,0.425681023,0.988484363,1.064032431,0.647192328,0.449550998,0.350905211,0.613796576,0.597177764,0.47682179,0.31198287,637.9038813,FAS 203 B,b,F
0.702522719,0.390299926,1.001113157,0.969697117,0.614750471,0,0.279630692,0.460486331,0.43097033,0.283206275,0.375071794,1138.824091,FAS 206 B,b,F
0.742609176,0.389772243,1.014194794,1.06891466,0.587653406,0,0.250879124,0.485369816,0.438885383,0.292695106,0.38231865,1135.657143,FAS 206 B,b,F
0.66354514,0.496689693,1.007159771,1.479839926,0.694477502,0.395761514,0.459436631,0.638090341,0.629017304,0.624202337,0.352680879,686.424785,FAS 207 A,b,F
0.706592974,0.4964194,0.996938688,1.448413617,0.687924274,0.392937766,0.458249618,0.671862303,0.670019028,0.713856187,0.357976705,687.2869572,FAS 207 A,b,F
0.720037528,0.601740905,1.026649473,0.954204459,0.761666302,0.817403329,0.533886432,0.758709098,0.772430692,0.729245802,0.307059053,958.8526747,L5 33 A,b,F
0.759573922,0.595814722,1.009787834,0.866131439,0.752968025,0.565222727,0.523484727,0.751737079,0.745258425,0.791210763,0.309149528,930.858712,L5 33 A,b,F
0.720063334,0.473719661,1.013642277,0.890129373,0.694512068,0.240862194,0.352405476,0.578375097,0.582275297,0.386607467,0.349603778,1088.975838,L5 37 A,b,F
0.762730761,0.469770623,1.015234355,0.856307515,0.67793913,0.158349076,0,#DIV/0!,#DIV/0!,#DIV/0!,0.359344074,1024.426262,L5 37 A,b,F
0.327306291,0.232913331,0.415838068,1.73076388,0.397415266,0,0.201889189,0.360380892,0.336046904,0.277439295,0.533435806,2489.925938,FAS 156d C,b,H
0.363272153,0.225788981,0.47285687,1.555822961,0.399561162,0.145066988,0.181266681,0.334015509,0.282213053,0.214513382,0.556121218,3345.612741,FAS 128 A,b,H
0.2903092,0.160631959,0.441548816,0.387156334,0.288070711,0.252959829,0.147324741,0.215898175,0.21192458,0.155079863,0.574774666,4494.33556,FAS 83 B,b,H
0.289994716,0.160146435,0.444972301,0.236371604,0.270439936,0.391952056,0.134551673,0.220982519,0.208486872,0.153385111,0.580966635,4358.447586,FAS 83 B,b,H
0.218751308,0.065790515,0.052433427,0.077937423,0.037236025,0.038339063,0.047803166,0.074256247,0.073008851,0,1.526416802,5898.167126,FAS 156b A,b,H
0.218938267,0.0654198,0.053025651,0.064693907,0.114275628,0.030465957,0.047225324,0.07374773,0.07348676,0,1.420447369,6185.901877,FAS 156b A,b,H
0.294940154,0.211860084,0.423546017,0.365879221,0.389833845,0.116165621,0.222907859,0.326803894,0.277651126,0.288600294,0.620313598,2936.646283,FAS 148 A ,b,H
0.320349779,0.223204536,0.545406677,0.491998524,0.41817198,0.329960712,0.272177916,0.377106361,0.366018006,0.377751445,0.563976783,3142.395869,FAS 155 A,b,H
0.320702148,0.223295394,0.550714772,0.423214022,0.406002081,0.307123444,0.248836806,0.378382908,0.370034779,0.404540546,0.56828955,3119.527272,FAS 155 A,b,H
0.329767253,0.288476497,0.394409469,0.714467948,0.440357296,0,0.236297418,0.362171255,0.324148661,0.251752048,0.382152967,3249.865484,FAN 172 A,b,H
0.330009121,0.287566545,0.398546478,0.464646508,0.428659117,0,0.220927619,0.362915037,0.318222086,0.2490901,0.385280367,3250.069162,FAN 172 A,b,H
0.267120028,0.187180483,0.456317555,0.417639452,0.368751421,0,0.221605516,0.30654488,0.31634326,0.305455086,0.648352044,2822.800332,FAS 151 A,b,H
0.267325268,0.186878403,0.461992009,0.30448562,0.352970608,0.059857497,0.204730597,0.32267287,0.314124581,0.297262811,0.661556209,2767.276577,FAS 151 A,b,H
0.260703811,0.170147643,0.354374219,0.430423151,0.328626936,0.234116075,0.198867563,0.244347181,0.25162458,0.230989602,0.705452192,4192.878141,FAS 145 A,b,H
0.260983124,0.170311886,0.359790605,0.258347205,0.320031386,0.154264031,0.197383209,0.253740647,0.249517533,0.225947434,0.708824721,3938.20983,FAS 145 A,b,H
0.354364507,0.382861598,0.226765587,0.721000716,0.601692241,0,0.368380718,0.433916733,0.473331964,0.450356105,0.176412712,3064.777039,FAS 182 A,b,H
0.354106863,0.381513207,0.237035362,0.432809725,0.594252456,0,0.360188465,0.436024407,0.465587273,0.436131552,0.176137736,3040.26379,FAS 182 A,b,H
0.293696965,0.213741031,0.385382615,0.430099609,0.386865841,0.130172333,0.229124971,0.339581694,0.326714375,0.296104523,0.643001324,3889.41862,FAS 186 A,b,H
0.293695783,0.213091928,0.386358075,0.325358822,0.389849021,0.300481999,0.2238668,0.334314709,0.34407472,0.316756709,0.633672418,3770.125904,FAS 186 A,b,H
0.3307495,0.256758877,0.452000228,0.486460893,0.419939907,0.422273166,0.229292765,0.401543494,0.394003455,0.362575884,0.518316577,3162.500611,FAN 129 A,b,H
0.331856907,0.257845545,0.457420579,0.584421843,0.415739076,0.417800862,0.219656991,0.396063919,0.381278297,0.347157388,0.521566583,3064.438884,FAN 129 A,b,H
0.368514809,0.268103937,0.444611721,0.670075357,0.434260393,0.267648402,0.172186828,0.279646837,0.288832698,0.249588754,0.472226464,4189.310514,FAN 162 C,b,H
0.368396288,0.268696716,0.448013803,0.402829202,0.429031643,0.459710209,0.169806784,0.289735749,0.282308542,0.23018582,0.473976113,4013.142582,FAN 162 C,b,H
0.2550308,0.203716269,0.391096317,0.473832919,0.349463554,0,0.189207094,0.320136418,0.326428334,0.291661757,0.621381337,3207.038021,FAN 163a B,b,H
0.25503787,0.203435779,0.392245752,0.555147617,0.341458049,0.29210113,0.189152695,0.334499312,0.320733243,0.270023434,0.624534814,3242.746292,FAN 163a B,b,H
0.30923185,0.251882608,0.42512442,0.509876032,0.445016538,0.315755512,0.220529754,0.404988974,0.396856175,0.337985033,0.509790726,3632.39452,FAS 189 A,b,H
0.308509721,0.252095305,0.427200856,0.555083452,0.436647014,0.282398078,0.208681274,0.417948782,0.387544532,0.334768548,0.51427107,3631.699962,FAS 189 A,b,H
0.364843157,0.216872251,0.389812071,0.482919764,0.384075214,0.184542656,0.153859928,0.271310893,0.265204065,0.264548513,0.598864018,3964.857514,FAS 195 B,b,H
0.364861589,0.216448442,0.390706767,0.285375007,0.379850954,0.169651548,0.150920097,0.273028797,0.259513139,0.241895853,0.600230001,3834.278872,FAS 195 B,b,H
0.406894852,0.235486988,0.520977017,0.616163076,0.41546324,0,0.185856179,0.295095747,0.317036526,0.270130402,0.427344302,2234.923282,FAS 203 B,b,H
0.407024762,0.23579085,0.524731269,0.575861963,0.407878997,0,0.181165031,0.302971587,0.314648677,0.246294951,0.42625179,2199.068085,FAS 203 B,b,H
0.415082978,0.243466252,0.557224713,0.539522242,0.408106358,0,0.184117234,0.323838161,0.311572219,0.201883354,0.475807538,3676.387966,FAS 206 B,b,H
0.414722371,0.243309799,0.554984406,0.446989812,0.402859402,0,0.180561004,0.335762933,0.290302926,0.188176372,0.479887429,3649.580585,FAS 206 B,b,H
0.36988397,0.248423214,0.492216321,0.72620342,0.426270503,0.228990495,0.22545994,0.366305606,0.399410597,0.3267206,0.488094509,2597.066425,FAS 207 A,b,H
0.369853748,0.248589003,0.494567687,1.465682714,0.419318035,0.194198389,0.214682559,0.372406128,0.389095367,0.322445326,0.495265829,2558.543677,FAS 207 A,b,H
0.356464478,0.285377063,0.454414628,0.504924444,0.483109697,0,0.255779078,0.456057548,0.428000157,0.361531904,0.453250637,3149.951764,L5 33 A,b,H
0.356270128,0.285104564,0.45569351,0.434868343,0.476627939,0,0.248904978,0.459228041,0.419979286,0.357599952,0.455210421,3118.854277,L5 33 A,b,H
0.38516283,0.258178083,0.471770734,0.518854401,0.461547946,0.127019341,0.213152632,0.399158551,0.350388965,0.244067438,0.517363889,3332.092543,L5 37 A,b,H
0.383925677,0.257659842,0.46267494,1.381637117,0.447756719,0,0.207211736,0.390676259,0.337390564,0.236542186,0.527654118,3257.203722,L5 37 A,b,H
0.36928754,0.213642958,0.459646719,0.336268562,0.372318112,0.550871358,0.216339839,0.345132663,0.313440842,0.274201426,0.520839136,5510.06177,L5NE 43 A,b,H
0.368831893,0.21236125,0.446825231,0.287024836,0.365634818,0.480418429,0.207531575,0.342308512,0.303185139,0.26381307,0.528596671,5388.682942,L5NE 43 A,b,H
0.332664541,0.222702451,0.376349896,0.421171834,0.405379429,0.243049941,0.222044054,0.355329877,0.341880624,0.258688929,0.690331615,3166.66871,L5NE 45 A,b,H
0.334168322,0.222796032,0.376782824,0.404533251,0.400904069,0.205896036,0.216609744,0.351704281,0.333593748,0.240984927,0.697286742,3048.84536,L5NE 45 A,b,H
0.383696159,0.267483195,0.478353326,0.556473126,0.466305978,0.584830612,0.250695199,0.441701826,0.394428623,0.345963377,0.512176387,4894.419148,L5NE 48 B,b,H
0.383899244,0.267076408,0.478328207,0.447397881,0.462295408,0.253278105,0.244887649,0.44361638,0.389248424,0.315710308,0.510129949,4789.805124,L5NE 48 B,b,H
0.619615718,0.803322444,0.465381042,2.542812858,0.880292798,0,0.704501233,0.634404494,0.799561766,0.789433986,0.028230859,3861.975065,L5NE 55 A,b,H
0.619293596,0.802147431,0.491441903,2.216647255,0.868847488,0,0.678457837,0.64842899,0.771878921,0.753241741,0.029275383,3813.407222,L5NE 55 A,b,H
0.36823698,0.231315859,0.447927955,0.342873263,0.382185496,0,0.189466106,0.400065649,0.363152917,0.250514153,0.59742077,4436.370176,L5NE 56 A,b,H
0.369336061,0.228799259,0.420881201,0.403186379,0.343728041,#DIV/0!,0.180855629,0.38949087,0.376879238,0.236081043,0.535418251,4328.534119,L5NE 56 A,b,H
0.387131928,0.233745803,0.530987465,0.449927516,0.340200708,0,0.219237588,0.41408693,0.372608205,0.269295374,0.484213689,5856.522027,L5NE 64 A,b,H
0.388290018,0.225905695,0.531208149,0.433742256,0.297391086,#DIV/0!,0.208189602,0.407638616,0.392221585,0.261701022,0.445022654,5943.680374,L5NE 64 A,b,H
0.354175832,0.224290309,0.485434942,0.329023515,0.389644325,0,0.201856722,0.402326669,0.369411136,0.293873455,0.52837564,4134.57233,O5 81 A,b,H
0.355688573,0.224101963,0.460180084,0.38856505,0.331170688,#DIV/0!,0.195015208,0.402108653,0.391125748,0.292841369,0.512835484,4209.971363,O5 81 A,b,H
0.336624111,0.231679553,0.46427643,0.409877147,0.41045311,0,0.240949388,0.423056477,0.379983438,0.323567402,0.554549574,4602.279749,Q5N 23 B,b,H
0.306252212,0.289397664,0.400356437,0.309399612,0.429327892,0,0.264833267,0.476621344,0.502038461,0.436950825,0.472219005,3509.370017,Q5N 25 B,b,H
0.351568047,0.250840728,0.436123862,0.445579129,0.400341388,0.336029985,0.218901017,0.440353196,0.382741963,0.300188405,0.492790935,4435.136864,Q5N 26 A,b,H
0.368495909,0.264874394,0.504695286,0.556236246,0.333060872,0,0.229262707,0.390512544,0.42344996,0.313034058,0.350002734,3363.636916,Q5N 45 B,b,H
0.337377499,0.253608614,0.407361262,0.481366578,0.409964071,0.457843766,0.238487422,0.428333138,0.430619734,0.351462251,0.479421725,4354.001504,Q5N 47 B,b,H
0.330856547,0.224524503,0.409336925,0.392364518,0.38946525,0.459699815,0.219094879,0.393286459,0.375692932,0.340939349,0.56475078,4570.221152,Q5N 56 B,b,H
0.365242739,0.241609844,0.474621288,0.420331348,0.347432376,0,0.199571141,0.372619811,0.357026017,0.28100054,0.435760924,4676.25943,Q5S 188 B,b,H
0.358758422,0.266900525,0.465846408,0.371661966,0.432182727,0.512539968,0.22844501,0.468553055,0.447128588,0.350541357,0.475934087,4728.389532,Q5S 191 A,b,H
0.371002598,0.230046138,0.461180859,0.459582156,0.330127884,#DIV/0!,0.225784487,0.405901674,0.399310599,0.289446136,0.497394663,4275.887054,Q5S 230 C,b,H
0.343807689,0.240702349,0.428973863,0.425073541,0.381532945,#DIV/0!,0.215255358,0.413859892,0.404732282,0.303707107,0.541215883,3445.686422,Q5S 189 A,b,H
0.372226192,0.23516508,0.411486198,0.401581373,0.366207496,#DIV/0!,0.23993454,0.365621391,0.348712879,0.352789449,0.537651409,5196.745857,Q5S 185 A,b,H
0.397062837,0.24006103,0.429755903,0.372791777,0.306394442,#DIV/0!,0.193977426,0.366618102,0.358002519,0.210718428,0.476666766,3559.335442,Q5S 187 A,b,H
0.392297129,0.244649697,0.452696492,0.473931618,0.353531889,#DIV/0!,0.204027103,0.426406488,0.377212684,0.265754572,0.51109889,6152.749324,Q5N 55 A,b,H
0.559581576,0.554951633,0.161872378,0.692468326,0.617685358,#DIV/0!,0.407889441,0.783274428,0.641473657,0.521664781,0.112137236,4596.437454,Q5N 65 A,b,H
0.446581542,0.374117429,0.399115067,0.558336777,0.543912774,#DIV/0!,0.274369368,0.593740217,0.470525766,0.362797487,0.265049293,3768.207985,L5NE 54 B,b,H
0.336457089,0.233855466,0.449782136,0.397988263,0.33886225,#DIV/0!,0.233489078,0.429760726,0.41302199,0.322705381,0.514990878,4681.060415,Q5N 23 B,b,H
0.306127858,0.288423363,0.381677125,0.396786877,0.378489025,#DIV/0!,0.263091637,0.505805577,0.558902561,0.449507746,0.415501627,3450.991468,Q5N 25 B,b,H
0.351060448,0.252506695,0.422103452,0.436543147,0.358949759,#DIV/0!,0.217292964,0.43468673,0.400978228,0.298732784,0.485257693,4456.660652,Q5N 26 A,b,H
0.368309236,0.265852817,0.484402907,0.552880978,0.318817649,#DIV/0!,0.229800214,0.41712672,0.437855698,0.308505898,0.346515647,3449.963851,Q5N 45 B,b,H
0.336637483,0.253233825,0.412122997,0.459073091,0.33876895,#DIV/0!,0.232427691,0.439203477,0.467267796,0.360456574,0.426094522,4350.612298,Q5N 47 B,b,H
0.330814206,0.225578656,0.411406978,0.388597099,0.334157894,#DIV/0!,0.216380349,0.393990756,0.401600569,0.312632788,0.515819302,4609.765114,Q5N 56 B,b,H
0.365320651,0.242304627,0.461687777,0.531843289,0.298345704,#DIV/0!,0.19216407,0.394541765,0.41721428,0.288892511,0.390851637,4658.086205,Q5S 188 B,b,H
0.357954093,0.268136735,0.454011506,0.163203673,0.346183374,#DIV/0!,0.234582799,0.482170246,0.477429387,0.340816725,0.429026248,4657.223766,Q5S 191 A,b,H
0.371051582,0.232633515,0.451172178,0.448890693,0.299222335,#DIV/0!,0.220952987,0.4072589,0.421692466,0.297331331,0.46966946,4329.424887,Q5S 230 C,b,H
0.343370275,0.241188675,0.414360072,0.40671848,0.349928458,#DIV/0!,0.214769447,0.420748418,0.431865361,0.3147175,0.492667908,3401.512731,Q5S 189 A,b,H
0.371243282,0.236301556,0.41749656,0.387319512,0.323787723,0,0.23211243,0.360944597,0.397290432,0.347416282,0.486079792,5266.733625,Q5S 185 A,b,H
0.436568665,0.343377627,0.44827422,0.610505609,0.383651795,0,0.245639882,0.423953505,0.449614379,0.365098907,0.262450781,4192.695781,Q5S 222 D,b,H
0.436974053,0.344989442,0.474537707,0.611673519,0.400506585,0.347257019,0.244438059,0.417588337,0.467655579,0.365208836,0.241106114,3973.676463,Q5S 222 D,b,H
0.399124495,0.24490535,0.42751142,0.192615078,0.269194265,#DIV/0!,0.20036528,0.354042444,0.383865644,0.209036167,0.448553992,3502.215744,Q5S 187 A,b,H
0.394248296,0.248732747,0.455090967,0.452893292,0.3155255,#DIV/0!,0.208173805,0.401908211,0.413406503,0.261200774,0.458942168,5939.516005,Q5N 55 A,b,H
0.564051365,0.560295103,0.201066977,0.428831706,0.58219032,0.350525423,0.410861433,0.674506117,0.658651131,0.518250303,0.108949416,4476.034638,Q5N 65 A,b,H
0.448448967,0.380188521,0.398951056,0.673452293,0.500354528,#DIV/0!,0.268236866,0.553272389,0.4733914,0.368549143,0.262551049,3747.315663,L5NE 54 B,b,H
0.731489582,0.579178459,1.047242235,0.800160297,0.748312819,0,0.526143899,0.818733212,0.777026758,0.731705456,0.36430226,1532.233196,L5NE 48 B,b,F
0.770885228,0.960858612,0.219716192,0,0.994708922,0.80516336,1.031732474,0.797545662,1.09207895,1.353089083,0.025598735,1371.656472,L5NE 55 A,b,F
0.776172169,0.960889216,#DIV/0!,1.328509526,0.965259122,0.689225794,1.045685568,0.993141821,1.197976982,1.341539377,0.005175641,1372.485456,L5NE 55 A,b,F
0.696158778,0.44547642,1.041438927,0.890455333,0.673689,0,0.344129434,0.644549859,0.57368587,0.399415447,0.411031694,1749.740332,L5NE 56 A,b,F
0.699557762,0.439857079,1.023526066,0.819354589,0.667267714,0,0.339376959,0.623981793,0.584627599,0.407730237,0.40509012,1722.219506,L5NE 56 A,b,F
0.712691052,0.447343588,1.070737903,0.865222454,0.677589295,0,0.506647362,0.79505667,0.717184801,0.655909098,0.463155158,2000.409504,L5NE 64 A,b,F
0.715086384,0.444038126,1.010680281,0.804993568,0.680481175,0,0.497653719,0.763232749,0.77731743,0.659421387,0.457742006,1920.822417,L5NE 64 A,b,F
0.679060984,0.452777865,1.041371657,0.872300394,0.683883669,0,0.498756271,0.722040096,0.680967028,0.641443338,0.451838588,1361.891073,O5 81 A,b,F
0.680513467,0.447368309,1.004522242,0.770928513,0.682322372,0.202533733,0.495741524,0.754723568,0.682820299,0.580727979,0.466129839,1253.252911,O5 81 A,b,F
0.685114724,0.531769664,1.04805407,0.902145869,0.734871313,0,0.630299715,0.862673013,0.813201777,0.862585075,0.4350295,1171.692737,Q5N 23 B,b,F
0.686922543,0.524754186,1.032272852,0.82835127,0.737296052,0,0.62403134,0.806396774,0.875014898,0.861689556,0.421315988,1122.524748,Q5N 23 B,b,F
0.693506848,0.657182098,1.028066147,0.934067712,0.806831186,0,0.666195965,0.881326721,0.883372504,0.968202783,0.291648812,949.5066053,Q5N 25 B,b,F
0.693343749,0.651816611,1.00756356,0.866166906,0.792288196,0,0.657263312,0.865006146,0.969337647,0.950931266,0.28963376,909.1514562,Q5N 25 B,b,F
0.704168018,0.584669544,1.036602658,0.911473571,0.761014914,0,0.581588711,0.814840422,0.765904123,0.757883565,0.389844489,1296.701987,Q5N 26 A,b,F
0.706828361,0.580312717,1.029903128,0.887882473,0.751950842,0,0.578347152,0.809673011,0.781096284,0.763121131,0.389479387,1272.626911,Q5N 26 A,b,F
0.727521045,0.497171004,1.049981258,0.84300517,0.730824824,0.595334865,0.619097995,0.849135733,0.790032737,0.863338814,0.368122912,1259.96589,Q5N 45 B,b,F
0.727477722,0.493136982,1.038650454,0.788104741,0.734888804,0.529242083,0.620862604,0.823787797,0.854658344,0.840096509,0.361947172,1185.429573,Q5N 45 B,b,F
0.691632506,0.576628815,1.026513752,0.929924095,0.75627486,0,0.636271869,0.83523787,0.82006626,0.891859002,0.346294028,1156.63547,Q5N 47 B,b,F
0.693559278,0.568756252,1.005101689,0.844022485,0.753529874,0,0.632384394,0.809252043,0.845200276,0.854203982,0.337626033,1081.8897,Q5N 47 B,b,F
0.684262204,0.516922568,1.02283528,0.92895014,0.731048715,#VALUE!,0.638898417,0.811009617,0.793506693,0.904918733,0.432084376,#VALUE!,Q5N 56 B,b,F
0.687874532,0.500942652,1.017728338,0.860501935,0.736277081,0.569467481,0.636263448,0.789060053,0.808412326,0.909572785,0.424027901,1109.698381,Q5N 56 B,b,F
0.697678414,0.402602855,1.032674993,0.925999669,0.635756433,0.594147395,0.380730878,0.670404061,0.578588268,0.518759151,0.368501788,1581.407591,Q5S 188 B,b,F
0.700733477,0.399329544,1.0206167,0.891674428,0.633972261,0.576240488,0.382267924,0.635511729,0.583048347,0.503887462,0.359980586,1521.773862,Q5S 188 B,b,F
0.708613042,0.594518735,1.02987825,0.990706792,0.745529468,0.292043222,0.522118583,0.818670837,0.786894933,0.776356266,0.365288552,1414.508273,Q5S 191 A,b,F
0.709164626,0.593488283,1.021452078,0.877361066,0.741546125,0.218829366,0.520433207,0.777453691,0.860554925,0.776656885,0.363567987,1329.861545,Q5S 191 A,b,F
0.709106988,0.493972502,0.979338622,0.808865079,0.722490065,0.658443285,0.582105207,0.834586958,0.806422712,0.780686304,0.488000327,2032.653871,Q5S 230 C,b,F
0.711473611,0.491629651,0.994622967,0.801734002,0.724925138,0.645559934,0.584978751,0.812366581,0.788696757,0.788107188,0.482501461,1892.40392,Q5S 230 C,b,F
0.710398864,0.52713482,0.991728602,1.038621894,0.739997978,0.611564198,0.526950352,0.747907819,0.719642863,0.69799713,0.411126724,1034.084016,Q5S 189 A,b,F
0.71442679,0.529153475,1.015365462,1.063424896,0.734140532,0.588153294,0.525222513,0.742603739,0.750400339,0.67308077,0.409750958,1068.092744,Q5S 189 A,b,F
0.705869973,0.503806388,1.00816454,0.856763125,0.772079964,0.328407382,0.643849744,0.852834098,0.820974906,0.85990528,0.40706321,1606.692265,Q5S 185 A,b,F
0.706842323,0.494280886,0.981969525,0.888252345,0.77359295,0.109952501,0.641328033,0.886321464,0.862798879,0.890641009,0.407364885,1487.582818,Q5S 185 A,b,F
0.756528874,0.626525201,0.994447484,1.321718599,0.795453488,0.746164898,0.630595979,0.838467891,0.777021008,0.761465089,0.224870406,1328.591367,Q5S 222 D,b,F
0.756383521,0.628068447,0.984064764,1.051079305,0.800274876,0.735307574,0.635593845,0.84085371,0.798647155,0.877463588,0.222357573,1223.676,Q5S 222 D,b,F
0.713780881,0.475829635,1.027076948,1.142066884,0.68130116,0.125958956,0.344494666,0.644953769,0.574826211,0.386998181,0.434678576,1362.912974,Q5S 187 A,b,F
0.730818336,0.476242858,1.020528177,0.841662941,0.658266826,0.085137821,0.344638424,0.674531892,0.570086743,0.393221387,0.437093138,1218.761604,Q5S 187 A,b,F
0.731760583,0.43269669,0.976298377,0.850450014,0.665485029,0.626326225,0.420073169,0.71544162,0.636429782,0.561520871,0.433444172,2183.881466,Q5N 055 A,b,F
0.753419862,0.440839956,1.032454271,0.935220707,0.649627476,0.620154829,0.416756896,0.712829735,0.651232649,0.575675684,0.424137519,2036.591279,Q5N 055 A,b,F
0.781976134,0.864465446,0.580221202,2.697131217,0.930196442,0.219953773,0.875587516,1.009152819,0.980434738,1.01933836,0.043966432,1423.995107,Q5N 065 A,b,F
0.80577803,0.886304308,0.553984945,1.630829342,0.922739991,0,0.8633005,0.913078292,1.034455257,1.10134868,0.046424471,1342.418847,Q5N 065 A,b,F
0.807885787,0.707306273,0.997161991,0.975882387,0.827780248,0,0.578062971,0.852093613,0.908375482,0.794502627,0.15917763,1368.602159,L5NE 054 B,b,F
0.822988039,0.729029799,0.96568918,4.431933284,0.812246212,0,0.559719321,0.83219981,0.740886322,0.78461876,0.159584021,1331.019481,L5NE 054 B,b,F